Item Set,Count,Support
whole milk,2513,0.25551601423487547
other vegetables,1903,0.1934926283680732
rolls/buns,1809,0.18393492628368074
soda,1715,0.17437722419928825
yogurt,1372,0.13950177935943062
bottled water,1087,0.11052364006100661
root vegetables,1072,0.10899847483477376
tropical fruit,1032,0.10493136756481952
shopping bags,969,0.09852567361464158
sausage,924,0.09395017793594305
pastry,875,0.08896797153024912
citrus fruit,814,0.08276563294356888
bottled beer,792,0.08052872394509406
newspapers,785,0.07981698017285206
canned beer,764,0.07768174885612608
pip fruit,744,0.07564819522114896
fruit/vegetable juice,711,0.0722928317234367
whipped/sour cream,705,0.07168276563294357
brown bread,638,0.06487036095577021
domestic eggs,624,0.06344687341128623
frankfurter,580,0.058973055414336555
margarine,576,0.05856634468734113
coffee,571,0.05805795627859685
pork,567,0.05765124555160142
butter,545,0.05541433655312659
curd,524,0.05327910523640061
beef,516,0.05246568378240976
napkins,515,0.05236400610066091
chocolate,488,0.04961870869344179
frozen vegetables,473,0.04809354346720895
chicken,422,0.04290798169801729
white bread,414,0.042094560244026434
cream cheese ,390,0.03965429588205389
waffles,378,0.038434163701067614
salty snack,372,0.03782409761057448
long life bakery product,368,0.037417386883579054
dessert,365,0.03711235383833249
sugar,333,0.03385866802236909
UHT-milk,329,0.03345195729537367
hamburger meat,327,0.033248601931875954
berries,327,0.033248601931875954
hygiene articles,324,0.03294356888662939
onions,305,0.031011692933401117
specialty chocolate,299,0.03040162684290798
candy,294,0.0298932384341637
misc. beverages,279,0.02836807320793086
frozen meals,279,0.02836807320793086
oil,276,0.02806304016268429
butter milk,275,0.027961362480935434
specialty bar,269,0.027351296390442297
beverages,256,0.026029486527707167
ham,256,0.026029486527707167
meat,254,0.025826131164209457
ice cream,246,0.025012709710218607
hard cheese,241,0.024504321301474327
sliced cheese,241,0.024504321301474327
cat food,229,0.023284189120488054
grapes,220,0.022369089984748347
chewing gum,207,0.021047280122013217
detergent,189,0.019217081850533807
red/blush wine,189,0.019217081850533807
white wine,187,0.019013726487036097
pickled vegetables,176,0.017895271987798677
semi-finished bread,174,0.017691916624300967
baking powder,174,0.017691916624300967
dishes,173,0.01759023894255211
flour,171,0.017386883579054397
pot plants,170,0.01728520589730554
soft cheese,168,0.01708185053380783
processed cheese,163,0.016573462125063547
herbs,160,0.01626842907981698
canned fish,148,0.015048296898830707
pasta,148,0.015048296898830707
seasonal products,140,0.014234875444839857
cake bar,130,0.013218098627351297
packaged fruit/vegetables,128,0.013014743263853584
mustard,118,0.011997966446365024
frozen fish,115,0.011692933401118455
cling film/bags,112,0.011387900355871887
spread cheese,110,0.011184544992374174
liquor,109,0.011082867310625319
frozen dessert,106,0.010777834265378749
salt,106,0.010777834265378749
canned vegetables,106,0.010777834265378749
dish cleaner,103,0.01047280122013218
flower (seeds),102,0.010371123538383325
condensed milk,101,0.010269445856634469
roll products ,101,0.010269445856634469
pet care,93,0.00945602440264362
photo/film,91,0.009252669039145907
mayonnaise,90,0.009150991357397052
sweet spreads,89,0.009049313675648195
chocolate marshmallow,89,0.009049313675648195
candles,88,0.008947635993899338
specialty cheese,84,0.008540925266903915
dog food,84,0.008540925266903915
frozen potato products,83,0.008439247585155059
house keeping products,82,0.008337569903406202
turkey,80,0.00813421453990849
Instant food products,79,0.008032536858159633
liquor (appetizer),78,0.007930859176410779
rice,75,0.007625826131164209
instant coffee,73,0.007422470767666497
popcorn,71,0.007219115404168785
zwieback,68,0.006914082358922217
soups,67,0.00681240467717336
finished products,64,0.006507371631926792
vinegar,64,0.006507371631926792
female sanitary products,60,0.006100660904931368
kitchen towels,59,0.005998983223182512
dental care,57,0.005795627859684799
cereals,56,0.0056939501779359435
sparkling wine,55,0.005592272496187087
softener,54,0.005490594814438231
sauces,54,0.005490594814438231
jam,53,0.005388917132689374
spices,51,0.005185561769191663
curd cheese,50,0.005083884087442806
cleaner,50,0.005083884087442806
liver loaf,50,0.005083884087442806
"('other vegetables', 'whole milk')",736,0.07483477376715811
"('rolls/buns', 'whole milk')",557,0.05663446873411286
"('whole milk', 'yogurt')",551,0.05602440264361973
"('root vegetables', 'whole milk')",481,0.048906964921199794
"('other vegetables', 'root vegetables')",466,0.047381799694966954
"('other vegetables', 'yogurt')",427,0.04341637010676157
"('other vegetables', 'rolls/buns')",419,0.042602948652770714
"('tropical fruit', 'whole milk')",416,0.04229791560752415
"('soda', 'whole milk')",394,0.040061006609049314
"('rolls/buns', 'soda')",377,0.03833248601931876
"('other vegetables', 'tropical fruit')",353,0.035892221657346214
"('rolls/buns', 'yogurt')",338,0.03436705643111337
"('bottled water', 'whole milk')",338,0.03436705643111337
"('pastry', 'whole milk')",327,0.033248601931875954
"('other vegetables', 'soda')",322,0.032740213523131674
"('whipped/sour cream', 'whole milk')",317,0.032231825114387394
"('rolls/buns', 'sausage')",301,0.030604982206405694
"('citrus fruit', 'whole milk')",300,0.030503304524656837
"('pip fruit', 'whole milk')",296,0.030096593797661414
"('domestic eggs', 'whole milk')",295,0.029994916115912557
"('sausage', 'whole milk')",294,0.0298932384341637
"('tropical fruit', 'yogurt')",288,0.029283172343670564
"('bottled water', 'soda')",285,0.028978139298423997
"('citrus fruit', 'other vegetables')",284,0.02887646161667514
"('other vegetables', 'whipped/sour cream')",284,0.02887646161667514
"('butter', 'whole milk')",271,0.02755465175394001
"('soda', 'yogurt')",269,0.027351296390442297
"('newspapers', 'whole milk')",269,0.027351296390442297
"('other vegetables', 'sausage')",265,0.026944585663446874
"('fruit/vegetable juice', 'whole milk')",262,0.026639552618200304
"('curd', 'whole milk')",257,0.026131164209456024
"('other vegetables', 'pip fruit')",257,0.026131164209456024
"('root vegetables', 'yogurt')",254,0.025826131164209457
"('brown bread', 'whole milk')",248,0.02521606507371632
"('bottled water', 'other vegetables')",244,0.024809354346720894
"('rolls/buns', 'tropical fruit')",242,0.024605998983223184
"('shopping bags', 'soda')",242,0.024605998983223184
"('shopping bags', 'whole milk')",241,0.024504321301474327
"('rolls/buns', 'root vegetables')",239,0.024300965937976614
"('sausage', 'soda')",239,0.024300965937976614
"('margarine', 'whole milk')",238,0.024199288256227757
"('bottled water', 'rolls/buns')",238,0.024199288256227757
"('other vegetables', 'shopping bags')",228,0.023182511438739197
"('bottled water', 'yogurt')",226,0.022979156075241484
"('other vegetables', 'pastry')",222,0.02257244534824606
"('domestic eggs', 'other vegetables')",219,0.02226741230299949
"('pork', 'whole milk')",218,0.022165734621250637
"('citrus fruit', 'yogurt')",213,0.021657346212506354
"('other vegetables', 'pork')",213,0.021657346212506354
"('beef', 'whole milk')",209,0.02125063548551093
"('root vegetables', 'tropical fruit')",207,0.021047280122013217
"('fruit/vegetable juice', 'other vegetables')",207,0.021047280122013217
"('pastry', 'soda')",207,0.021047280122013217
"('pastry', 'rolls/buns')",206,0.02094560244026436
"('soda', 'tropical fruit')",205,0.020843924758515507
"('whipped/sour cream', 'yogurt')",204,0.02074224707676665
"('frankfurter', 'whole milk')",202,0.020538891713268937
"('pip fruit', 'tropical fruit')",201,0.02043721403152008
"('bottled beer', 'whole milk')",201,0.02043721403152008
"('frozen vegetables', 'whole milk')",201,0.02043721403152008
"('butter', 'other vegetables')",197,0.020030503304524657
"('citrus fruit', 'tropical fruit')",196,0.0199288256227758
"('margarine', 'other vegetables')",194,0.019725470259278087
"('napkins', 'whole milk')",194,0.019725470259278087
"('beef', 'other vegetables')",194,0.019725470259278087
"('newspapers', 'rolls/buns')",194,0.019725470259278087
"('sausage', 'yogurt')",193,0.019623792577529234
"('rolls/buns', 'shopping bags')",192,0.019522114895780377
"('newspapers', 'other vegetables')",190,0.019318759532282664
"('frankfurter', 'rolls/buns')",189,0.019217081850533807
"('fruit/vegetable juice', 'yogurt')",184,0.018708693441789527
"('coffee', 'whole milk')",184,0.018708693441789527
"('brown bread', 'other vegetables')",184,0.018708693441789527
"('root vegetables', 'soda')",183,0.01860701576004067
"('bottled water', 'tropical fruit')",182,0.018505338078291814
"('fruit/vegetable juice', 'soda')",181,0.01840366039654296
"('pip fruit', 'yogurt')",177,0.017996949669547534
"('chicken', 'other vegetables')",176,0.017895271987798677
"('frozen vegetables', 'other vegetables')",175,0.017793594306049824
"('citrus fruit', 'root vegetables')",174,0.017691916624300967
"('pastry', 'yogurt')",174,0.017691916624300967
"('chicken', 'whole milk')",173,0.01759023894255211
"('beef', 'root vegetables')",171,0.017386883579054397
"('curd', 'yogurt')",170,0.01728520589730554
"('curd', 'other vegetables')",169,0.017183528215556684
"('white bread', 'whole milk')",168,0.01708185053380783
"('root vegetables', 'whipped/sour cream')",168,0.01708185053380783
"('bottled beer', 'soda')",167,0.016980172852058974
"('citrus fruit', 'rolls/buns')",165,0.01677681748856126
"('chocolate', 'whole milk')",164,0.016675139806812404
"('cream cheese ', 'whole milk')",162,0.016471784443314694
"('frankfurter', 'other vegetables')",162,0.016471784443314694
"('bottled beer', 'other vegetables')",159,0.016166751398068124
"('bottled beer', 'bottled water')",155,0.0157600406710727
"('domestic eggs', 'rolls/buns')",154,0.015658362989323844
"('bottled water', 'root vegetables')",154,0.015658362989323844
"('sausage', 'shopping bags')",154,0.015658362989323844
"('pip fruit', 'root vegetables')",153,0.015556685307574987
"('newspapers', 'yogurt')",151,0.015353329944077275
"('shopping bags', 'yogurt')",150,0.015251652262328419
"('sugar', 'whole milk')",148,0.015048296898830707
"('root vegetables', 'sausage')",147,0.01494661921708185
"('margarine', 'rolls/buns')",145,0.014743263853584139
"('hamburger meat', 'whole milk')",145,0.014743263853584139
"('butter', 'yogurt')",144,0.014641586171835282
"('rolls/buns', 'whipped/sour cream')",144,0.014641586171835282
"('newspapers', 'soda')",144,0.014641586171835282
"('brown bread', 'yogurt')",143,0.014539908490086425
"('fruit/vegetable juice', 'rolls/buns')",143,0.014539908490086425
"('napkins', 'other vegetables')",142,0.01443823080833757
"('domestic eggs', 'yogurt')",141,0.014336553126588714
"('domestic eggs', 'root vegetables')",141,0.014336553126588714
"('margarine', 'yogurt')",140,0.014234875444839857
"('onions', 'other vegetables')",140,0.014234875444839857
"('bottled water', 'fruit/vegetable juice')",140,0.014234875444839857
"('sausage', 'tropical fruit')",137,0.013929842399593289
"('pip fruit', 'rolls/buns')",137,0.013929842399593289
"('citrus fruit', 'pip fruit')",136,0.013828164717844434
"('tropical fruit', 'whipped/sour cream')",136,0.013828164717844434
"('hamburger meat', 'other vegetables')",136,0.013828164717844434
"('canned beer', 'soda')",136,0.013828164717844434
"('fruit/vegetable juice', 'tropical fruit')",135,0.013726487036095577
"('dessert', 'whole milk')",135,0.013726487036095577
"('cream cheese ', 'other vegetables')",135,0.013726487036095577
"('other vegetables', 'white bread')",135,0.013726487036095577
"('bottled beer', 'rolls/buns')",134,0.01362480935434672
"('beef', 'rolls/buns')",134,0.01362480935434672
"('pork', 'root vegetables')",134,0.01362480935434672
"('bottled water', 'citrus fruit')",133,0.013523131672597865
"('shopping bags', 'tropical fruit')",133,0.013523131672597865
"('long life bakery product', 'whole milk')",133,0.013523131672597865
"('chocolate', 'soda')",133,0.013523131672597865
"('coffee', 'other vegetables')",132,0.013421453990849009
"('butter', 'rolls/buns')",132,0.013421453990849009
"('pip fruit', 'soda')",131,0.013319776309100152
"('pastry', 'tropical fruit')",130,0.013218098627351297
"('butter', 'root vegetables')",127,0.012913065582104729
"('citrus fruit', 'soda')",126,0.012811387900355872
"('hygiene articles', 'whole milk')",126,0.012811387900355872
"('root vegetables', 'shopping bags')",126,0.012811387900355872
"('waffles', 'whole milk')",125,0.012709710218607015
"('chocolate', 'other vegetables')",125,0.012709710218607015
"('brown bread', 'rolls/buns')",124,0.01260803253685816
"('brown bread', 'soda')",124,0.01260803253685816
"('pastry', 'sausage')",123,0.012506354855109304
"('cream cheese ', 'yogurt')",122,0.012404677173360447
"('frozen vegetables', 'yogurt')",122,0.012404677173360447
"('domestic eggs', 'soda')",122,0.012404677173360447
"('napkins', 'yogurt')",121,0.012302999491611592
"('onions', 'whole milk')",119,0.012099644128113879
"('bottled water', 'sausage')",118,0.011997966446365024
"('napkins', 'soda')",118,0.011997966446365024
"('fruit/vegetable juice', 'root vegetables')",118,0.011997966446365024
"('pork', 'soda')",117,0.011896288764616167
"('pastry', 'shopping bags')",117,0.011896288764616167
"('newspapers', 'tropical fruit')",116,0.01179461108286731
"('berries', 'whole milk')",116,0.01179461108286731
"('chocolate', 'rolls/buns')",116,0.01179461108286731
"('beef', 'yogurt')",115,0.011692933401118455
"('napkins', 'rolls/buns')",115,0.011692933401118455
"('butter milk', 'whole milk')",114,0.011591255719369599
"('dessert', 'other vegetables')",114,0.011591255719369599
"('soda', 'whipped/sour cream')",114,0.011591255719369599
"('frozen vegetables', 'root vegetables')",114,0.011591255719369599
"('ham', 'whole milk')",113,0.011489578037620742
"('newspapers', 'root vegetables')",113,0.011489578037620742
"('domestic eggs', 'tropical fruit')",112,0.011387900355871887
"('canned beer', 'shopping bags')",112,0.011387900355871887
"('citrus fruit', 'sausage')",111,0.01128622267412303
"('oil', 'whole milk')",111,0.01128622267412303
"('canned beer', 'rolls/buns')",111,0.01128622267412303
"('pork', 'rolls/buns')",111,0.01128622267412303
"('bottled water', 'newspapers')",111,0.01128622267412303
"('frankfurter', 'soda')",111,0.01128622267412303
"('frankfurter', 'yogurt')",110,0.011184544992374174
"('salty snack', 'whole milk')",110,0.011184544992374174
"('margarine', 'root vegetables')",109,0.011082867310625319
"('coffee', 'rolls/buns')",108,0.010981189628876462
"('bottled water', 'shopping bags')",108,0.010981189628876462
"('pastry', 'root vegetables')",108,0.010981189628876462
"('citrus fruit', 'whipped/sour cream')",107,0.010879511947127605
"('curd', 'root vegetables')",107,0.010879511947127605
"('chicken', 'root vegetables')",107,0.010879511947127605
"('sliced cheese', 'whole milk')",106,0.010777834265378749
"('pip fruit', 'sausage')",106,0.010777834265378749
"('other vegetables', 'sugar')",106,0.010777834265378749
"('other vegetables', 'salty snack')",106,0.010777834265378749
"('brown bread', 'tropical fruit')",105,0.010676156583629894
"('pastry', 'pip fruit')",105,0.010676156583629894
"('long life bakery product', 'other vegetables')",105,0.010676156583629894
"('fruit/vegetable juice', 'shopping bags')",105,0.010676156583629894
"('brown bread', 'sausage')",105,0.010676156583629894
"('berries', 'yogurt')",104,0.010574478901881037
"('bottled water', 'pip fruit')",104,0.010574478901881037
"('curd', 'whipped/sour cream')",103,0.01047280122013218
"('citrus fruit', 'fruit/vegetable juice')",102,0.010371123538383325
"('citrus fruit', 'domestic eggs')",102,0.010371123538383325
"('butter milk', 'other vegetables')",102,0.010371123538383325
"('bottled water', 'margarine')",101,0.010269445856634469
"('curd', 'tropical fruit')",101,0.010269445856634469
"('berries', 'other vegetables')",101,0.010269445856634469
"('soda', 'white bread')",101,0.010269445856634469
"('margarine', 'soda')",100,0.010167768174885612
"('butter', 'whipped/sour cream')",100,0.010167768174885612
"('frozen vegetables', 'rolls/buns')",100,0.010167768174885612
"('frankfurter', 'root vegetables')",100,0.010167768174885612
"('brown bread', 'root vegetables')",100,0.010167768174885612
"('napkins', 'tropical fruit')",99,0.010066090493136757
"('hard cheese', 'whole milk')",99,0.010066090493136757
"('other vegetables', 'waffles')",99,0.010066090493136757
"('curd', 'rolls/buns')",99,0.010066090493136757
"('frankfurter', 'sausage')",99,0.010066090493136757
"('fruit/vegetable juice', 'sausage')",99,0.010066090493136757
"('butter', 'tropical fruit')",98,0.0099644128113879
"('coffee', 'soda')",98,0.0099644128113879
"('meat', 'whole milk')",98,0.0099644128113879
"('cream cheese ', 'rolls/buns')",98,0.0099644128113879
"('oil', 'other vegetables')",98,0.0099644128113879
"('meat', 'other vegetables')",98,0.0099644128113879
"('napkins', 'root vegetables')",98,0.0099644128113879
"('domestic eggs', 'whipped/sour cream')",98,0.0099644128113879
"('dessert', 'yogurt')",97,0.009862735129639044
"('frozen meals', 'whole milk')",97,0.009862735129639044
"('dessert', 'soda')",97,0.009862735129639044
"('citrus fruit', 'pastry')",96,0.009761057447890189
"('citrus fruit', 'shopping bags')",96,0.009761057447890189
"('coffee', 'yogurt')",96,0.009761057447890189
"('butter', 'domestic eggs')",95,0.009659379766141332
"('chicken', 'rolls/buns')",95,0.009659379766141332
"('bottled beer', 'root vegetables')",95,0.009659379766141332
"('brown bread', 'pastry')",95,0.009659379766141332
"('pork', 'yogurt')",94,0.009557702084392475
"('fruit/vegetable juice', 'pip fruit')",94,0.009557702084392475
"('hygiene articles', 'other vegetables')",94,0.009557702084392475
"('soda', 'waffles')",94,0.009557702084392475
"('domestic eggs', 'sausage')",94,0.009557702084392475
"('frankfurter', 'tropical fruit')",93,0.00945602440264362
"('hard cheese', 'other vegetables')",93,0.00945602440264362
"('onions', 'root vegetables')",93,0.00945602440264362
"('margarine', 'tropical fruit')",92,0.009354346720894764
"('coffee', 'shopping bags')",92,0.009354346720894764
"('pip fruit', 'shopping bags')",92,0.009354346720894764
"('salty snack', 'soda')",92,0.009354346720894764
"('bottled beer', 'yogurt')",91,0.009252669039145907
"('chocolate', 'yogurt')",91,0.009252669039145907
"('baking powder', 'whole milk')",91,0.009252669039145907
"('pip fruit', 'whipped/sour cream')",91,0.009252669039145907
"('brown bread', 'shopping bags')",91,0.009252669039145907
"('butter', 'citrus fruit')",90,0.009150991357397052
"('ham', 'other vegetables')",90,0.009150991357397052
"('rolls/buns', 'waffles')",90,0.009150991357397052
"('bottled water', 'domestic eggs')",90,0.009150991357397052
"('white bread', 'yogurt')",89,0.009049313675648195
"('canned beer', 'other vegetables')",89,0.009049313675648195
"('grapes', 'other vegetables')",89,0.009049313675648195
"('other vegetables', 'sliced cheese')",89,0.009049313675648195
"('fruit/vegetable juice', 'whipped/sour cream')",89,0.009049313675648195
"('domestic eggs', 'pastry')",89,0.009049313675648195
"('sausage', 'whipped/sour cream')",89,0.009049313675648195
"('domestic eggs', 'shopping bags')",89,0.009049313675648195
"('berries', 'whipped/sour cream')",89,0.009049313675648195
"('detergent', 'whole milk')",88,0.008947635993899338
"('bottled water', 'butter')",88,0.008947635993899338
"('bottled water', 'pastry')",88,0.008947635993899338
"('canned beer', 'whole milk')",87,0.008845958312150484
"('cat food', 'whole milk')",87,0.008845958312150484
"('butter', 'soda')",87,0.008845958312150484
"('tropical fruit', 'white bread')",86,0.008744280630401627
"('frozen vegetables', 'tropical fruit')",86,0.008744280630401627
"('long life bakery product', 'yogurt')",86,0.008744280630401627
"('bottled water', 'whipped/sour cream')",86,0.008744280630401627
"('domestic eggs', 'pip fruit')",85,0.00864260294865277
"('butter', 'sausage')",85,0.00864260294865277
"('hamburger meat', 'rolls/buns')",85,0.00864260294865277
"('bottled water', 'napkins')",85,0.00864260294865277
"('candy', 'soda')",85,0.00864260294865277
"('frozen vegetables', 'soda')",85,0.00864260294865277
"('margarine', 'pip fruit')",84,0.008540925266903915
"('pork', 'tropical fruit')",84,0.008540925266903915
"('butter milk', 'yogurt')",84,0.008540925266903915
"('fruit/vegetable juice', 'pastry')",84,0.008540925266903915
"('beef', 'citrus fruit')",83,0.008439247585155059
"('flour', 'whole milk')",83,0.008439247585155059
"('newspapers', 'pastry')",83,0.008439247585155059
"('citrus fruit', 'newspapers')",82,0.008337569903406202
"('brown bread', 'citrus fruit')",82,0.008337569903406202
"('domestic eggs', 'margarine')",82,0.008337569903406202
"('chicken', 'yogurt')",82,0.008337569903406202
"('frankfurter', 'pastry')",82,0.008337569903406202
"('chicken', 'soda')",82,0.008337569903406202
"('brown bread', 'fruit/vegetable juice')",82,0.008337569903406202
"('bottled beer', 'tropical fruit')",81,0.008235892221657347
"('candy', 'whole milk')",81,0.008235892221657347
"('bottled water', 'brown bread')",81,0.008235892221657347
"('frankfurter', 'shopping bags')",81,0.008235892221657347
"('fruit/vegetable juice', 'newspapers')",81,0.008235892221657347
"('pork', 'whipped/sour cream')",81,0.008235892221657347
"('chocolate', 'tropical fruit')",80,0.00813421453990849
"('UHT-milk', 'other vegetables')",80,0.00813421453990849
"('chocolate', 'shopping bags')",80,0.00813421453990849
"('curd', 'soda')",80,0.00813421453990849
"('beef', 'soda')",80,0.00813421453990849
"('sliced cheese', 'yogurt')",79,0.008032536858159633
"('specialty chocolate', 'whole milk')",79,0.008032536858159633
"('butter', 'fruit/vegetable juice')",79,0.008032536858159633
"('bottled water', 'canned beer')",79,0.008032536858159633
"('chocolate', 'pastry')",79,0.008032536858159633
"('domestic eggs', 'fruit/vegetable juice')",79,0.008032536858159633
"('newspapers', 'sausage')",79,0.008032536858159633
"('citrus fruit', 'margarine')",78,0.007930859176410779
"('long life bakery product', 'rolls/buns')",78,0.007930859176410779
"('root vegetables', 'white bread')",78,0.007930859176410779
"('shopping bags', 'whipped/sour cream')",78,0.007930859176410779
"('frozen vegetables', 'whipped/sour cream')",78,0.007930859176410779
"('curd', 'pip fruit')",77,0.007829181494661922
"('bottled beer', 'sausage')",77,0.007829181494661922
"('frozen vegetables', 'fruit/vegetable juice')",77,0.007829181494661922
"('herbs', 'whole milk')",76,0.007727503812913066
"('herbs', 'other vegetables')",76,0.007727503812913066
"('citrus fruit', 'napkins')",75,0.007625826131164209
"('beef', 'tropical fruit')",75,0.007625826131164209
"('brown bread', 'pip fruit')",75,0.007625826131164209
"('long life bakery product', 'soda')",75,0.007625826131164209
"('butter', 'pastry')",75,0.007625826131164209
"('butter milk', 'rolls/buns')",75,0.007625826131164209
"('rolls/buns', 'sliced cheese')",75,0.007625826131164209
"('UHT-milk', 'soda')",75,0.007625826131164209
"('curd', 'sausage')",75,0.007625826131164209
"('beef', 'pork')",75,0.007625826131164209
"('brown bread', 'newspapers')",75,0.007625826131164209
"('waffles', 'yogurt')",74,0.0075241484494153535
"('soft cheese', 'whole milk')",74,0.0075241484494153535
"('cream cheese ', 'root vegetables')",74,0.0075241484494153535
"('frozen meals', 'other vegetables')",74,0.0075241484494153535
"('curd', 'pastry')",74,0.0075241484494153535
"('pastry', 'whipped/sour cream')",74,0.0075241484494153535
"('UHT-milk', 'yogurt')",73,0.007422470767666497
"('fruit/vegetable juice', 'white bread')",73,0.007422470767666497
"('shopping bags', 'white bread')",73,0.007422470767666497
"('bottled water', 'pork')",73,0.007422470767666497
"('hygiene articles', 'yogurt')",72,0.007320793085917641
"('bottled water', 'coffee')",72,0.007320793085917641
"('coffee', 'root vegetables')",72,0.007320793085917641
"('grapes', 'whole milk')",72,0.007320793085917641
"('butter', 'pip fruit')",72,0.007320793085917641
"('frozen vegetables', 'pip fruit')",72,0.007320793085917641
"('baking powder', 'other vegetables')",72,0.007320793085917641
"('UHT-milk', 'bottled water')",72,0.007320793085917641
"('bottled water', 'frankfurter')",72,0.007320793085917641
"('soda', 'sugar')",72,0.007320793085917641
"('berries', 'soda')",72,0.007320793085917641
"('misc. beverages', 'soda')",72,0.007320793085917641
"('cream cheese ', 'tropical fruit')",71,0.007219115404168785
"('onions', 'yogurt')",71,0.007219115404168785
"('frankfurter', 'pip fruit')",71,0.007219115404168785
"('sausage', 'white bread')",71,0.007219115404168785
"('soda', 'specialty bar')",71,0.007219115404168785
"('chicken', 'whipped/sour cream')",71,0.007219115404168785
"('newspapers', 'whipped/sour cream')",71,0.007219115404168785
"('napkins', 'shopping bags')",71,0.007219115404168785
"('napkins', 'whipped/sour cream')",71,0.007219115404168785
"('citrus fruit', 'curd')",70,0.0071174377224199285
"('semi-finished bread', 'whole milk')",70,0.0071174377224199285
"('margarine', 'newspapers')",70,0.0071174377224199285
"('margarine', 'sausage')",70,0.0071174377224199285
"('coffee', 'tropical fruit')",70,0.0071174377224199285
"('pickled vegetables', 'whole milk')",70,0.0071174377224199285
"('other vegetables', 'soft cheese')",70,0.0071174377224199285
"('candy', 'rolls/buns')",70,0.0071174377224199285
"('brown bread', 'frankfurter')",70,0.0071174377224199285
"('processed cheese', 'whole milk')",69,0.007015760040671073
"('misc. beverages', 'whole milk')",69,0.007015760040671073
"('rolls/buns', 'sugar')",69,0.007015760040671073
"('bottled beer', 'fruit/vegetable juice')",69,0.007015760040671073
"('domestic eggs', 'frankfurter')",69,0.007015760040671073
"('hygiene articles', 'soda')",69,0.007015760040671073
"('pastry', 'waffles')",69,0.007015760040671073
"('napkins', 'pastry')",69,0.007015760040671073
"('oil', 'root vegetables')",69,0.007015760040671073
"('herbs', 'root vegetables')",69,0.007015760040671073
"('sausage', 'sliced cheese')",69,0.007015760040671073
"('chicken', 'citrus fruit')",68,0.006914082358922217
"('sugar', 'yogurt')",68,0.006914082358922217
"('coffee', 'pip fruit')",68,0.006914082358922217
"('coffee', 'pastry')",68,0.006914082358922217
"('coffee', 'sausage')",68,0.006914082358922217
"('pot plants', 'whole milk')",68,0.006914082358922217
"('candy', 'other vegetables')",68,0.006914082358922217
"('ham', 'rolls/buns')",68,0.006914082358922217
"('meat', 'rolls/buns')",68,0.006914082358922217
"('fruit/vegetable juice', 'napkins')",68,0.006914082358922217
"('newspapers', 'shopping bags')",68,0.006914082358922217
"('domestic eggs', 'newspapers')",68,0.006914082358922217
"('margarine', 'pastry')",67,0.00681240467717336
"('margarine', 'whipped/sour cream')",67,0.00681240467717336
"('beverages', 'whole milk')",67,0.00681240467717336
"('cream cheese ', 'soda')",67,0.00681240467717336
"('butter', 'curd')",67,0.00681240467717336
"('dessert', 'rolls/buns')",67,0.00681240467717336
"('onions', 'rolls/buns')",67,0.00681240467717336
"('chocolate', 'fruit/vegetable juice')",67,0.00681240467717336
"('brown bread', 'domestic eggs')",67,0.00681240467717336
"('butter', 'margarine')",66,0.006710726995424504
"('hygiene articles', 'tropical fruit')",66,0.006710726995424504
"('berries', 'tropical fruit')",66,0.006710726995424504
"('ham', 'yogurt')",66,0.006710726995424504
"('newspapers', 'pip fruit')",66,0.006710726995424504
"('napkins', 'pip fruit')",66,0.006710726995424504
"('beef', 'whipped/sour cream')",66,0.006710726995424504
"('chicken', 'frozen vegetables')",66,0.006710726995424504
"('napkins', 'sausage')",66,0.006710726995424504
"('citrus fruit', 'frozen vegetables')",65,0.0066090493136756485
"('pip fruit', 'white bread')",65,0.0066090493136756485
"('berries', 'rolls/buns')",65,0.0066090493136756485
"('chocolate', 'sausage')",65,0.0066090493136756485
"('newspapers', 'pork')",65,0.0066090493136756485
"('root vegetables', 'waffles')",65,0.0066090493136756485
"('berries', 'root vegetables')",65,0.0066090493136756485
"('citrus fruit', 'frankfurter')",64,0.006507371631926792
"('citrus fruit', 'pork')",64,0.006507371631926792
"('brown bread', 'margarine')",64,0.006507371631926792
"('hamburger meat', 'yogurt')",64,0.006507371631926792
"('specialty bar', 'whole milk')",64,0.006507371631926792
"('cat food', 'other vegetables')",64,0.006507371631926792
"('rolls/buns', 'white bread')",64,0.006507371631926792
"('curd', 'domestic eggs')",64,0.006507371631926792
"('pork', 'sausage')",64,0.006507371631926792
"('citrus fruit', 'coffee')",63,0.006405693950177936
"('chocolate', 'citrus fruit')",63,0.006405693950177936
"('frankfurter', 'margarine')",63,0.006405693950177936
"('margarine', 'pork')",63,0.006405693950177936
"('chicken', 'tropical fruit')",63,0.006405693950177936
"('hard cheese', 'yogurt')",63,0.006405693950177936
"('cream cheese ', 'whipped/sour cream')",63,0.006405693950177936
"('detergent', 'other vegetables')",63,0.006405693950177936
"('other vegetables', 'pickled vegetables')",63,0.006405693950177936
"('UHT-milk', 'rolls/buns')",63,0.006405693950177936
"('chocolate', 'root vegetables')",63,0.006405693950177936
"('beef', 'newspapers')",63,0.006405693950177936
"('root vegetables', 'sugar')",63,0.006405693950177936
"('pork', 'shopping bags')",63,0.006405693950177936
"('frozen vegetables', 'pork')",63,0.006405693950177936
"('curd', 'margarine')",62,0.00630401626842908
"('long life bakery product', 'tropical fruit')",62,0.00630401626842908
"('dessert', 'tropical fruit')",62,0.00630401626842908
"('flour', 'other vegetables')",62,0.00630401626842908
"('beef', 'pastry')",62,0.00630401626842908
"('soda', 'specialty chocolate')",62,0.00630401626842908
"('pastry', 'pork')",62,0.00630401626842908
"('canned beer', 'sausage')",62,0.00630401626842908
"('beef', 'margarine')",61,0.0062023385866802234
"('fruit/vegetable juice', 'margarine')",61,0.0062023385866802234
"('salty snack', 'yogurt')",61,0.0062023385866802234
"('cat food', 'yogurt')",61,0.0062023385866802234
"('frozen meals', 'yogurt')",61,0.0062023385866802234
"('fruit/vegetable juice', 'long life bakery product')",61,0.0062023385866802234
"('butter', 'chocolate')",61,0.0062023385866802234
"('beef', 'bottled water')",61,0.0062023385866802234
"('bottled water', 'frozen vegetables')",61,0.0062023385866802234
"('frankfurter', 'whipped/sour cream')",61,0.0062023385866802234
"('frozen meals', 'soda')",61,0.0062023385866802234
"('chicken', 'domestic eggs')",61,0.0062023385866802234
"('napkins', 'newspapers')",61,0.0062023385866802234
"('hamburger meat', 'root vegetables')",61,0.0062023385866802234
"('dessert', 'shopping bags')",61,0.0062023385866802234
"('bottled beer', 'citrus fruit')",60,0.006100660904931368
"('bottled beer', 'margarine')",60,0.006100660904931368
"('tropical fruit', 'waffles')",60,0.006100660904931368
"('grapes', 'tropical fruit')",60,0.006100660904931368
"('coffee', 'whipped/sour cream')",60,0.006100660904931368
"('pasta', 'whole milk')",60,0.006100660904931368
"('cream cheese ', 'pip fruit')",60,0.006100660904931368
"('chocolate', 'pip fruit')",60,0.006100660904931368
"('pip fruit', 'pork')",60,0.006100660904931368
"('other vegetables', 'specialty chocolate')",60,0.006100660904931368
"('bottled water', 'curd')",60,0.006100660904931368
"('ice cream', 'soda')",60,0.006100660904931368
"('hygiene articles', 'napkins')",60,0.006100660904931368
"('soft cheese', 'yogurt')",59,0.005998983223182512
"('coffee', 'fruit/vegetable juice')",59,0.005998983223182512
"('dishes', 'other vegetables')",59,0.005998983223182512
"('beef', 'domestic eggs')",59,0.005998983223182512
"('fruit/vegetable juice', 'salty snack')",59,0.005998983223182512
"('dessert', 'fruit/vegetable juice')",59,0.005998983223182512
"('salty snack', 'shopping bags')",59,0.005998983223182512
"('frozen vegetables', 'sausage')",59,0.005998983223182512
"('domestic eggs', 'napkins')",59,0.005998983223182512
"('ice cream', 'whole milk')",58,0.005897305541433655
"('bottled beer', 'pip fruit')",58,0.005897305541433655
"('bottled water', 'cream cheese ')",58,0.005897305541433655
"('long life bakery product', 'pastry')",58,0.005897305541433655
"('hygiene articles', 'rolls/buns')",58,0.005897305541433655
"('hard cheese', 'rolls/buns')",58,0.005897305541433655
"('bottled water', 'onions')",58,0.005897305541433655
"('frankfurter', 'pork')",58,0.005897305541433655
"('dessert', 'sausage')",58,0.005897305541433655
"('long life bakery product', 'whipped/sour cream')",57,0.005795627859684799
"('bottled beer', 'butter')",57,0.005795627859684799
"('beef', 'butter')",57,0.005795627859684799
"('butter', 'chicken')",57,0.005795627859684799
"('butter', 'newspapers')",57,0.005795627859684799
"('brown bread', 'butter')",57,0.005795627859684799
"('butter', 'frozen vegetables')",57,0.005795627859684799
"('domestic eggs', 'white bread')",57,0.005795627859684799
"('bottled water', 'chocolate')",57,0.005795627859684799
"('chocolate', 'waffles')",57,0.005795627859684799
"('hamburger meat', 'soda')",57,0.005795627859684799
"('chicken', 'pork')",57,0.005795627859684799
"('dessert', 'root vegetables')",57,0.005795627859684799
"('citrus fruit', 'cream cheese ')",56,0.0056939501779359435
"('margarine', 'shopping bags')",56,0.0056939501779359435
"('onions', 'tropical fruit')",56,0.0056939501779359435
"('cream cheese ', 'fruit/vegetable juice')",56,0.0056939501779359435
"('bottled water', 'hygiene articles')",56,0.0056939501779359435
"('curd', 'newspapers')",56,0.0056939501779359435
"('citrus fruit', 'onions')",55,0.005592272496187087
"('salty snack', 'tropical fruit')",55,0.005592272496187087
"('cake bar', 'whole milk')",55,0.005592272496187087
"('cream cheese ', 'sausage')",55,0.005592272496187087
"('cream cheese ', 'shopping bags')",55,0.005592272496187087
"('other vegetables', 'specialty bar')",55,0.005592272496187087
"('misc. beverages', 'other vegetables')",55,0.005592272496187087
"('rolls/buns', 'specialty bar')",55,0.005592272496187087
"('rolls/buns', 'specialty chocolate')",55,0.005592272496187087
"('bottled beer', 'shopping bags')",55,0.005592272496187087
"('pastry', 'white bread')",55,0.005592272496187087
"('beef', 'sausage')",55,0.005592272496187087
"('hard cheese', 'root vegetables')",55,0.005592272496187087
"('root vegetables', 'sliced cheese')",55,0.005592272496187087
"('brown bread', 'pork')",55,0.005592272496187087
"('domestic eggs', 'pork')",55,0.005592272496187087
"('margarine', 'sugar')",54,0.005490594814438231
"('butter milk', 'tropical fruit')",54,0.005490594814438231
"('frozen meals', 'tropical fruit')",54,0.005490594814438231
"('candy', 'yogurt')",54,0.005490594814438231
"('beverages', 'yogurt')",54,0.005490594814438231
"('other vegetables', 'processed cheese')",54,0.005490594814438231
"('butter', 'pork')",54,0.005490594814438231
"('whipped/sour cream', 'white bread')",54,0.005490594814438231
"('chocolate', 'newspapers')",54,0.005490594814438231
"('meat', 'soda')",54,0.005490594814438231
"('shopping bags', 'waffles')",54,0.005490594814438231
"('berries', 'citrus fruit')",53,0.005388917132689374
"('candy', 'tropical fruit')",53,0.005388917132689374
"('ham', 'tropical fruit')",53,0.005388917132689374
"('canned beer', 'yogurt')",53,0.005388917132689374
"('long life bakery product', 'sausage')",53,0.005388917132689374
"('long life bakery product', 'shopping bags')",53,0.005388917132689374
"('beverages', 'rolls/buns')",53,0.005388917132689374
"('rolls/buns', 'soft cheese')",53,0.005388917132689374
"('bottled beer', 'frankfurter')",53,0.005388917132689374
"('curd', 'shopping bags')",53,0.005388917132689374
"('chewing gum', 'soda')",53,0.005388917132689374
"('dessert', 'pastry')",53,0.005388917132689374
"('hygiene articles', 'root vegetables')",53,0.005388917132689374
"('citrus fruit', 'hygiene articles')",52,0.0052872394509405184
"('sliced cheese', 'tropical fruit')",52,0.0052872394509405184
"('oil', 'yogurt')",52,0.0052872394509405184
"('meat', 'yogurt')",52,0.0052872394509405184
"('dishes', 'whole milk')",52,0.0052872394509405184
"('chocolate', 'long life bakery product')",52,0.0052872394509405184
"('long life bakery product', 'root vegetables')",52,0.0052872394509405184
"('bottled water', 'chicken')",52,0.0052872394509405184
"('bottled water', 'misc. beverages')",52,0.0052872394509405184
"('frankfurter', 'fruit/vegetable juice')",52,0.0052872394509405184
"('processed cheese', 'soda')",52,0.0052872394509405184
"('onions', 'soda')",52,0.0052872394509405184
"('chicken', 'sausage')",52,0.0052872394509405184
"('salty snack', 'sausage')",52,0.0052872394509405184
"('meat', 'sausage')",52,0.0052872394509405184
"('other vegetables', 'semi-finished bread')",51,0.005185561769191663
"('mustard', 'whole milk')",51,0.005185561769191663
"('beverages', 'other vegetables')",51,0.005185561769191663
"('bottled beer', 'brown bread')",51,0.005185561769191663
"('bottled beer', 'napkins')",51,0.005185561769191663
"('bottled beer', 'pork')",51,0.005185561769191663
"('frankfurter', 'white bread')",51,0.005185561769191663
"('bottled water', 'dessert')",51,0.005185561769191663
"('curd', 'dessert')",51,0.005185561769191663
"('chicken', 'newspapers')",51,0.005185561769191663
"('pastry', 'sugar')",51,0.005185561769191663
"('pastry', 'salty snack')",51,0.005185561769191663
"('salty snack', 'whipped/sour cream')",51,0.005185561769191663
"('hamburger meat', 'sausage')",51,0.005185561769191663
"('hard cheese', 'sausage')",51,0.005185561769191663
"('hygiene articles', 'shopping bags')",51,0.005185561769191663
"('napkins', 'pork')",51,0.005185561769191663
"('domestic eggs', 'frozen vegetables')",51,0.005185561769191663
"('frozen vegetables', 'margarine')",50,0.005083884087442806
"('coffee', 'frankfurter')",50,0.005083884087442806
"('chewing gum', 'whole milk')",50,0.005083884087442806
"('butter milk', 'pip fruit')",50,0.005083884087442806
"('cream cheese ', 'curd')",50,0.005083884087442806
"('cream cheese ', 'domestic eggs')",50,0.005083884087442806
"('ice cream', 'other vegetables')",50,0.005083884087442806
"('canned fish', 'other vegetables')",50,0.005083884087442806
"('oil', 'rolls/buns')",50,0.005083884087442806
"('ham', 'white bread')",50,0.005083884087442806
"('beef', 'fruit/vegetable juice')",50,0.005083884087442806
"('frankfurter', 'frozen vegetables')",50,0.005083884087442806
"('sliced cheese', 'soda')",50,0.005083884087442806
"('butter milk', 'root vegetables')",50,0.005083884087442806
"('meat', 'root vegetables')",50,0.005083884087442806
"('waffles', 'whipped/sour cream')",50,0.005083884087442806
"('onions', 'whipped/sour cream')",50,0.005083884087442806
"('citrus fruit', 'oil')",49,0.00498220640569395
"('UHT-milk', 'tropical fruit')",49,0.00498220640569395
"('bottled beer', 'coffee')",49,0.00498220640569395
"('coffee', 'domestic eggs')",49,0.00498220640569395
"('frozen fish', 'whole milk')",49,0.00498220640569395
"('dessert', 'pip fruit')",49,0.00498220640569395
"('other vegetables', 'red/blush wine')",49,0.00498220640569395
"('butter', 'shopping bags')",49,0.00498220640569395
"('butter', 'napkins')",49,0.00498220640569395
"('rolls/buns', 'salty snack')",49,0.00498220640569395
"('bottled beer', 'newspapers')",49,0.00498220640569395
"('candy', 'chocolate')",49,0.00498220640569395
"('flour', 'sugar')",49,0.00498220640569395
"('frankfurter', 'newspapers')",49,0.00498220640569395
"('ham', 'soda')",49,0.00498220640569395
"('chicken', 'shopping bags')",49,0.00498220640569395
"('domestic eggs', 'sugar')",49,0.00498220640569395
"('canned beer', 'newspapers')",49,0.00498220640569395
"('root vegetables', 'salty snack')",49,0.00498220640569395
"('sausage', 'waffles')",49,0.00498220640569395
"('berries', 'sausage')",49,0.00498220640569395
"('ham', 'sausage')",49,0.00498220640569395
"('berries', 'shopping bags')",49,0.00498220640569395
"('other vegetables', 'root vegetables', 'whole milk')",228,0.023182511438739197
"('other vegetables', 'whole milk', 'yogurt')",219,0.02226741230299949
"('other vegetables', 'rolls/buns', 'whole milk')",176,0.017895271987798677
"('other vegetables', 'tropical fruit', 'whole milk')",168,0.01708185053380783
"('rolls/buns', 'whole milk', 'yogurt')",153,0.015556685307574987
"('tropical fruit', 'whole milk', 'yogurt')",149,0.015149974580579562
"('other vegetables', 'whipped/sour cream', 'whole milk')",144,0.014641586171835282
"('root vegetables', 'whole milk', 'yogurt')",143,0.014539908490086425
"('other vegetables', 'soda', 'whole milk')",137,0.013929842399593289
"('other vegetables', 'pip fruit', 'whole milk')",133,0.013523131672597865
"('citrus fruit', 'other vegetables', 'whole milk')",128,0.013014743263853584
"('other vegetables', 'root vegetables', 'yogurt')",127,0.012913065582104729
"('rolls/buns', 'root vegetables', 'whole milk')",125,0.012709710218607015
"('other vegetables', 'tropical fruit', 'yogurt')",121,0.012302999491611592
"('domestic eggs', 'other vegetables', 'whole milk')",121,0.012302999491611592
"('other vegetables', 'root vegetables', 'tropical fruit')",121,0.012302999491611592
"('other vegetables', 'rolls/buns', 'root vegetables')",120,0.012201321809862735
"('root vegetables', 'tropical fruit', 'whole milk')",118,0.011997966446365024
"('other vegetables', 'rolls/buns', 'yogurt')",113,0.011489578037620742
"('butter', 'other vegetables', 'whole milk')",113,0.011489578037620742
"('rolls/buns', 'tropical fruit', 'whole milk')",108,0.010981189628876462
"('whipped/sour cream', 'whole milk', 'yogurt')",107,0.010879511947127605
"('bottled water', 'other vegetables', 'whole milk')",106,0.010777834265378749
"('other vegetables', 'pastry', 'whole milk')",104,0.010574478901881037
"('fruit/vegetable juice', 'other vegetables', 'whole milk')",103,0.01047280122013218
"('soda', 'whole milk', 'yogurt')",103,0.01047280122013218
"('citrus fruit', 'other vegetables', 'root vegetables')",102,0.010371123538383325
"('citrus fruit', 'whole milk', 'yogurt')",101,0.010269445856634469
"('other vegetables', 'pork', 'whole milk')",100,0.010167768174885612
"('other vegetables', 'sausage', 'whole milk')",100,0.010167768174885612
"('other vegetables', 'whipped/sour cream', 'yogurt')",100,0.010167768174885612
"('curd', 'whole milk', 'yogurt')",99,0.010066090493136757
"('other vegetables', 'rolls/buns', 'soda')",97,0.009862735129639044
"('curd', 'other vegetables', 'whole milk')",97,0.009862735129639044
"('bottled water', 'whole milk', 'yogurt')",95,0.009659379766141332
"('rolls/buns', 'sausage', 'soda')",95,0.009659379766141332
"('frozen vegetables', 'other vegetables', 'whole milk')",95,0.009659379766141332
"('pip fruit', 'whole milk', 'yogurt')",94,0.009557702084392475
"('fruit/vegetable juice', 'whole milk', 'yogurt')",93,0.00945602440264362
"('root vegetables', 'whipped/sour cream', 'whole milk')",93,0.00945602440264362
"('other vegetables', 'pip fruit', 'tropical fruit')",93,0.00945602440264362
"('butter', 'whole milk', 'yogurt')",92,0.009354346720894764
"('rolls/buns', 'sausage', 'whole milk')",92,0.009354346720894764
"('brown bread', 'other vegetables', 'whole milk')",92,0.009354346720894764
"('beef', 'other vegetables', 'whole milk')",91,0.009252669039145907
"('margarine', 'other vegetables', 'whole milk')",91,0.009252669039145907
"('citrus fruit', 'root vegetables', 'whole milk')",90,0.009150991357397052
"('pastry', 'whole milk', 'yogurt')",90,0.009150991357397052
"('citrus fruit', 'other vegetables', 'tropical fruit')",89,0.009049313675648195
"('citrus fruit', 'tropical fruit', 'whole milk')",89,0.009049313675648195
"('pip fruit', 'root vegetables', 'whole milk')",88,0.008947635993899338
"('other vegetables', 'rolls/buns', 'sausage')",87,0.008845958312150484
"('rolls/buns', 'soda', 'whole milk')",87,0.008845958312150484
"('rolls/buns', 'tropical fruit', 'yogurt')",86,0.008744280630401627
"('bottled water', 'rolls/buns', 'whole milk')",86,0.008744280630401627
"('sausage', 'whole milk', 'yogurt')",86,0.008744280630401627
"('rolls/buns', 'soda', 'yogurt')",85,0.00864260294865277
"('domestic eggs', 'root vegetables', 'whole milk')",84,0.008540925266903915
"('other vegetables', 'root vegetables', 'whipped/sour cream')",84,0.008540925266903915
"('pastry', 'rolls/buns', 'whole milk')",84,0.008540925266903915
"('pip fruit', 'tropical fruit', 'whole milk')",83,0.008439247585155059
"('chicken', 'other vegetables', 'whole milk')",83,0.008439247585155059
"('other vegetables', 'soda', 'yogurt')",82,0.008337569903406202
"('newspapers', 'other vegetables', 'whole milk')",82,0.008337569903406202
"('butter', 'root vegetables', 'whole milk')",81,0.008235892221657347
"('fruit/vegetable juice', 'other vegetables', 'yogurt')",81,0.008235892221657347
"('other vegetables', 'root vegetables', 'soda')",81,0.008235892221657347
"('pastry', 'soda', 'whole milk')",81,0.008235892221657347
"('bottled water', 'other vegetables', 'yogurt')",80,0.00813421453990849
"('other vegetables', 'sausage', 'yogurt')",80,0.00813421453990849
"('root vegetables', 'soda', 'whole milk')",80,0.00813421453990849
"('root vegetables', 'tropical fruit', 'yogurt')",80,0.00813421453990849
"('other vegetables', 'pip fruit', 'root vegetables')",80,0.00813421453990849
"('other vegetables', 'pip fruit', 'yogurt')",80,0.00813421453990849
"('beef', 'root vegetables', 'whole milk')",79,0.008032536858159633
"('bottled water', 'tropical fruit', 'whole milk')",79,0.008032536858159633
"('beef', 'other vegetables', 'root vegetables')",78,0.007930859176410779
"('margarine', 'rolls/buns', 'whole milk')",78,0.007930859176410779
"('tropical fruit', 'whipped/sour cream', 'whole milk')",78,0.007930859176410779
"('other vegetables', 'rolls/buns', 'tropical fruit')",77,0.007829181494661922
"('other vegetables', 'tropical fruit', 'whipped/sour cream')",77,0.007829181494661922
"('rolls/buns', 'whipped/sour cream', 'whole milk')",77,0.007829181494661922
"('soda', 'tropical fruit', 'whole milk')",77,0.007829181494661922
"('domestic eggs', 'whole milk', 'yogurt')",76,0.007727503812913066
"('root vegetables', 'sausage', 'whole milk')",76,0.007727503812913066
"('citrus fruit', 'other vegetables', 'yogurt')",75,0.007625826131164209
"('newspapers', 'rolls/buns', 'whole milk')",75,0.007625826131164209
"('other vegetables', 'shopping bags', 'whole milk')",75,0.007625826131164209
"('bottled beer', 'other vegetables', 'whole milk')",75,0.007625826131164209
"('frankfurter', 'other vegetables', 'whole milk')",75,0.007625826131164209
"('bottled water', 'soda', 'whole milk')",74,0.0075241484494153535
"('bottled water', 'soda', 'yogurt')",73,0.007422470767666497
"('bottled water', 'other vegetables', 'rolls/buns')",72,0.007320793085917641
"('bottled water', 'root vegetables', 'whole milk')",72,0.007320793085917641
"('domestic eggs', 'other vegetables', 'root vegetables')",72,0.007320793085917641
"('other vegetables', 'soda', 'tropical fruit')",71,0.007219115404168785
"('citrus fruit', 'rolls/buns', 'whole milk')",71,0.007219115404168785
"('other vegetables', 'sausage', 'soda')",71,0.007219115404168785
"('rolls/buns', 'root vegetables', 'yogurt')",71,0.007219115404168785
"('sausage', 'tropical fruit', 'whole milk')",71,0.007219115404168785
"('bottled water', 'rolls/buns', 'yogurt')",70,0.0071174377224199285
"('bottled water', 'tropical fruit', 'yogurt')",70,0.0071174377224199285
"('brown bread', 'whole milk', 'yogurt')",70,0.0071174377224199285
"('bottled water', 'other vegetables', 'root vegetables')",69,0.007015760040671073
"('margarine', 'whole milk', 'yogurt')",69,0.007015760040671073
"('other vegetables', 'pork', 'root vegetables')",69,0.007015760040671073
"('domestic eggs', 'tropical fruit', 'whole milk')",68,0.006914082358922217
"('bottled water', 'rolls/buns', 'soda')",67,0.00681240467717336
"('beef', 'rolls/buns', 'whole milk')",67,0.00681240467717336
"('other vegetables', 'root vegetables', 'sausage')",67,0.00681240467717336
"('pork', 'root vegetables', 'whole milk')",67,0.00681240467717336
"('shopping bags', 'soda', 'whole milk')",67,0.00681240467717336
"('napkins', 'other vegetables', 'whole milk')",67,0.00681240467717336
"('butter', 'whipped/sour cream', 'whole milk')",66,0.006710726995424504
"('other vegetables', 'rolls/buns', 'whipped/sour cream')",66,0.006710726995424504
"('pastry', 'tropical fruit', 'whole milk')",66,0.006710726995424504
"('sausage', 'soda', 'whole milk')",66,0.006710726995424504
"('cream cheese ', 'other vegetables', 'whole milk')",66,0.006710726995424504
"('soda', 'tropical fruit', 'yogurt')",65,0.0066090493136756485
"('butter', 'other vegetables', 'root vegetables')",65,0.0066090493136756485
"('butter', 'rolls/buns', 'whole milk')",65,0.0066090493136756485
"('domestic eggs', 'rolls/buns', 'whole milk')",65,0.0066090493136756485
"('fruit/vegetable juice', 'other vegetables', 'root vegetables')",65,0.0066090493136756485
"('fruit/vegetable juice', 'other vegetables', 'tropical fruit')",65,0.0066090493136756485
"('newspapers', 'whole milk', 'yogurt')",65,0.0066090493136756485
"('other vegetables', 'pastry', 'yogurt')",65,0.0066090493136756485
"('other vegetables', 'root vegetables', 'shopping bags')",65,0.0066090493136756485
"('cream cheese ', 'whole milk', 'yogurt')",65,0.0066090493136756485
"('onions', 'other vegetables', 'whole milk')",65,0.0066090493136756485
"('fruit/vegetable juice', 'root vegetables', 'whole milk')",64,0.006507371631926792
"('curd', 'tropical fruit', 'whole milk')",64,0.006507371631926792
"('butter', 'other vegetables', 'yogurt')",63,0.006405693950177936
"('root vegetables', 'whipped/sour cream', 'yogurt')",63,0.006405693950177936
"('coffee', 'other vegetables', 'whole milk')",63,0.006405693950177936
"('pip fruit', 'tropical fruit', 'yogurt')",63,0.006405693950177936
"('citrus fruit', 'tropical fruit', 'yogurt')",62,0.00630401626842908
"('citrus fruit', 'whipped/sour cream', 'whole milk')",62,0.00630401626842908
"('rolls/buns', 'shopping bags', 'soda')",62,0.00630401626842908
"('other vegetables', 'sugar', 'whole milk')",62,0.00630401626842908
"('hamburger meat', 'other vegetables', 'whole milk')",62,0.00630401626842908
"('bottled water', 'other vegetables', 'tropical fruit')",61,0.0062023385866802234
"('butter', 'tropical fruit', 'whole milk')",61,0.0062023385866802234
"('pork', 'rolls/buns', 'whole milk')",61,0.0062023385866802234
"('tropical fruit', 'whipped/sour cream', 'yogurt')",61,0.0062023385866802234
"('frankfurter', 'whole milk', 'yogurt')",61,0.0062023385866802234
"('pip fruit', 'rolls/buns', 'whole milk')",61,0.0062023385866802234
"('curd', 'root vegetables', 'whole milk')",61,0.0062023385866802234
"('frozen vegetables', 'root vegetables', 'whole milk')",61,0.0062023385866802234
"('beef', 'whole milk', 'yogurt')",60,0.006100660904931368
"('fruit/vegetable juice', 'soda', 'whole milk')",60,0.006100660904931368
"('other vegetables', 'pastry', 'rolls/buns')",60,0.006100660904931368
"('bottled beer', 'bottled water', 'whole milk')",60,0.006100660904931368
"('napkins', 'whole milk', 'yogurt')",60,0.006100660904931368
"('curd', 'other vegetables', 'yogurt')",60,0.006100660904931368
"('frozen vegetables', 'other vegetables', 'root vegetables')",60,0.006100660904931368
"('frozen vegetables', 'whole milk', 'yogurt')",60,0.006100660904931368
"('butter', 'domestic eggs', 'whole milk')",59,0.005998983223182512
"('citrus fruit', 'other vegetables', 'rolls/buns')",59,0.005998983223182512
"('fruit/vegetable juice', 'tropical fruit', 'whole milk')",59,0.005998983223182512
"('newspapers', 'other vegetables', 'root vegetables')",59,0.005998983223182512
"('other vegetables', 'sausage', 'tropical fruit')",59,0.005998983223182512
"('rolls/buns', 'sausage', 'yogurt')",59,0.005998983223182512
"('rolls/buns', 'sausage', 'shopping bags')",59,0.005998983223182512
"('frankfurter', 'rolls/buns', 'whole milk')",59,0.005998983223182512
"('chicken', 'root vegetables', 'whole milk')",59,0.005998983223182512
"('pip fruit', 'whipped/sour cream', 'whole milk')",59,0.005998983223182512
"('bottled water', 'citrus fruit', 'whole milk')",58,0.005897305541433655
"('domestic eggs', 'other vegetables', 'rolls/buns')",58,0.005897305541433655
"('margarine', 'other vegetables', 'root vegetables')",58,0.005897305541433655
"('other vegetables', 'pastry', 'root vegetables')",58,0.005897305541433655
"('rolls/buns', 'root vegetables', 'tropical fruit')",58,0.005897305541433655
"('citrus fruit', 'other vegetables', 'pip fruit')",58,0.005897305541433655
"('curd', 'rolls/buns', 'whole milk')",58,0.005897305541433655
"('curd', 'whipped/sour cream', 'whole milk')",58,0.005897305541433655
"('other vegetables', 'white bread', 'whole milk')",58,0.005897305541433655
"('beef', 'other vegetables', 'rolls/buns')",57,0.005795627859684799
"('bottled water', 'fruit/vegetable juice', 'whole milk')",57,0.005795627859684799
"('butter', 'other vegetables', 'whipped/sour cream')",57,0.005795627859684799
"('citrus fruit', 'rolls/buns', 'yogurt')",57,0.005795627859684799
"('domestic eggs', 'other vegetables', 'yogurt')",57,0.005795627859684799
"('newspapers', 'root vegetables', 'whole milk')",57,0.005795627859684799
"('pastry', 'rolls/buns', 'yogurt')",57,0.005795627859684799
"('bottled water', 'other vegetables', 'soda')",56,0.0056939501779359435
"('butter', 'other vegetables', 'rolls/buns')",56,0.0056939501779359435
"('citrus fruit', 'domestic eggs', 'whole milk')",56,0.0056939501779359435
"('citrus fruit', 'other vegetables', 'whipped/sour cream')",56,0.0056939501779359435
"('citrus fruit', 'root vegetables', 'tropical fruit')",56,0.0056939501779359435
"('domestic eggs', 'whipped/sour cream', 'whole milk')",56,0.0056939501779359435
"('margarine', 'other vegetables', 'yogurt')",56,0.0056939501779359435
"('pastry', 'root vegetables', 'whole milk')",56,0.0056939501779359435
"('pastry', 'sausage', 'whole milk')",56,0.0056939501779359435
"('sausage', 'shopping bags', 'soda')",56,0.0056939501779359435
"('brown bread', 'root vegetables', 'whole milk')",56,0.0056939501779359435
"('brown bread', 'tropical fruit', 'whole milk')",56,0.0056939501779359435
"('chicken', 'other vegetables', 'root vegetables')",56,0.0056939501779359435
"('onions', 'other vegetables', 'root vegetables')",56,0.0056939501779359435
"('long life bakery product', 'other vegetables', 'whole milk')",56,0.0056939501779359435
"('fruit/vegetable juice', 'rolls/buns', 'whole milk')",55,0.005592272496187087
"('newspapers', 'other vegetables', 'yogurt')",55,0.005592272496187087
"('other vegetables', 'pork', 'rolls/buns')",55,0.005592272496187087
"('sausage', 'soda', 'yogurt')",55,0.005592272496187087
"('citrus fruit', 'pip fruit', 'tropical fruit')",55,0.005592272496187087
"('frankfurter', 'other vegetables', 'rolls/buns')",55,0.005592272496187087
"('pip fruit', 'sausage', 'whole milk')",55,0.005592272496187087
"('other vegetables', 'pip fruit', 'whipped/sour cream')",55,0.005592272496187087
"('butter', 'other vegetables', 'tropical fruit')",54,0.005490594814438231
"('newspapers', 'other vegetables', 'rolls/buns')",54,0.005490594814438231
"('other vegetables', 'pastry', 'soda')",54,0.005490594814438231
"('soda', 'whipped/sour cream', 'whole milk')",54,0.005490594814438231
"('chocolate', 'other vegetables', 'whole milk')",54,0.005490594814438231
"('curd', 'other vegetables', 'root vegetables')",54,0.005490594814438231
"('bottled water', 'rolls/buns', 'tropical fruit')",53,0.005388917132689374
"('rolls/buns', 'soda', 'tropical fruit')",53,0.005388917132689374
"('bottled water', 'butter', 'whole milk')",53,0.005388917132689374
"('pastry', 'rolls/buns', 'soda')",53,0.005388917132689374
"('other vegetables', 'sausage', 'shopping bags')",53,0.005388917132689374
"('other vegetables', 'shopping bags', 'soda')",53,0.005388917132689374
"('other vegetables', 'shopping bags', 'yogurt')",53,0.005388917132689374
"('bottled beer', 'rolls/buns', 'whole milk')",53,0.005388917132689374
"('domestic eggs', 'pip fruit', 'whole milk')",53,0.005388917132689374
"('other vegetables', 'rolls/buns', 'shopping bags')",52,0.0052872394509405184
"('rolls/buns', 'shopping bags', 'whole milk')",52,0.0052872394509405184
"('root vegetables', 'shopping bags', 'whole milk')",52,0.0052872394509405184
"('shopping bags', 'whole milk', 'yogurt')",52,0.0052872394509405184
"('brown bread', 'rolls/buns', 'whole milk')",52,0.0052872394509405184
"('napkins', 'rolls/buns', 'whole milk')",52,0.0052872394509405184
"('pip fruit', 'root vegetables', 'tropical fruit')",52,0.0052872394509405184
"('pip fruit', 'root vegetables', 'yogurt')",52,0.0052872394509405184
"('chicken', 'rolls/buns', 'whole milk')",52,0.0052872394509405184
"('cream cheese ', 'other vegetables', 'yogurt')",52,0.0052872394509405184
"('curd', 'other vegetables', 'tropical fruit')",52,0.0052872394509405184
"('curd', 'tropical fruit', 'yogurt')",52,0.0052872394509405184
"('frozen vegetables', 'other vegetables', 'yogurt')",52,0.0052872394509405184
"('bottled water', 'soda', 'tropical fruit')",51,0.005185561769191663
"('beef', 'other vegetables', 'yogurt')",51,0.005185561769191663
"('bottled water', 'fruit/vegetable juice', 'soda')",51,0.005185561769191663
"('domestic eggs', 'margarine', 'whole milk')",51,0.005185561769191663
"('domestic eggs', 'soda', 'whole milk')",51,0.005185561769191663
"('margarine', 'other vegetables', 'rolls/buns')",51,0.005185561769191663
"('root vegetables', 'sausage', 'yogurt')",51,0.005185561769191663
"('bottled beer', 'whole milk', 'yogurt')",51,0.005185561769191663
"('brown bread', 'other vegetables', 'yogurt')",51,0.005185561769191663
"('citrus fruit', 'pip fruit', 'whole milk')",51,0.005185561769191663
"('frankfurter', 'tropical fruit', 'whole milk')",51,0.005185561769191663
"('hygiene articles', 'other vegetables', 'whole milk')",51,0.005185561769191663
"('bottled water', 'citrus fruit', 'other vegetables')",50,0.005083884087442806
"('bottled water', 'other vegetables', 'sausage')",50,0.005083884087442806
"('butter', 'citrus fruit', 'whole milk')",50,0.005083884087442806
"('domestic eggs', 'other vegetables', 'soda')",50,0.005083884087442806
"('domestic eggs', 'other vegetables', 'whipped/sour cream')",50,0.005083884087442806
"('fruit/vegetable juice', 'soda', 'yogurt')",50,0.005083884087442806
"('newspapers', 'rolls/buns', 'yogurt')",50,0.005083884087442806
"('newspapers', 'tropical fruit', 'whole milk')",50,0.005083884087442806
"('other vegetables', 'pastry', 'tropical fruit')",50,0.005083884087442806
"('sausage', 'whipped/sour cream', 'whole milk')",50,0.005083884087442806
"('bottled beer', 'bottled water', 'soda')",50,0.005083884087442806
"('brown bread', 'soda', 'whole milk')",50,0.005083884087442806
"('coffee', 'whole milk', 'yogurt')",50,0.005083884087442806
"('frankfurter', 'root vegetables', 'whole milk')",50,0.005083884087442806
"('other vegetables', 'pip fruit', 'rolls/buns')",50,0.005083884087442806
"('chocolate', 'soda', 'whole milk')",50,0.005083884087442806
"('frozen vegetables', 'rolls/buns', 'whole milk')",50,0.005083884087442806
"('pastry', 'pip fruit', 'whole milk')",50,0.005083884087442806
"('oil', 'other vegetables', 'whole milk')",50,0.005083884087442806
"('beef', 'rolls/buns', 'root vegetables')",49,0.00498220640569395
"('bottled water', 'margarine', 'whole milk')",49,0.00498220640569395
"('citrus fruit', 'sausage', 'whole milk')",49,0.00498220640569395
"('margarine', 'root vegetables', 'whole milk')",49,0.00498220640569395
"('newspapers', 'other vegetables', 'soda')",49,0.00498220640569395
"('pastry', 'soda', 'yogurt')",49,0.00498220640569395
"('rolls/buns', 'root vegetables', 'sausage')",49,0.00498220640569395
"('berries', 'other vegetables', 'whole milk')",49,0.00498220640569395
"('shopping bags', 'tropical fruit', 'whole milk')",49,0.00498220640569395
"('napkins', 'tropical fruit', 'whole milk')",49,0.00498220640569395
"('pip fruit', 'soda', 'whole milk')",49,0.00498220640569395
"('chicken', 'other vegetables', 'rolls/buns')",49,0.00498220640569395
"('chocolate', 'rolls/buns', 'whole milk')",49,0.00498220640569395
"('dessert', 'other vegetables', 'whole milk')",49,0.00498220640569395
"('frozen vegetables', 'tropical fruit', 'whole milk')",49,0.00498220640569395
"('other vegetables', 'root vegetables', 'whole milk', 'yogurt')",77,0.007829181494661922
"('other vegetables', 'tropical fruit', 'whole milk', 'yogurt')",75,0.007625826131164209
"('other vegetables', 'root vegetables', 'tropical fruit', 'whole milk')",69,0.007015760040671073
"('other vegetables', 'rolls/buns', 'root vegetables', 'whole milk')",61,0.0062023385866802234
"('other vegetables', 'rolls/buns', 'whole milk', 'yogurt')",59,0.005998983223182512
"('citrus fruit', 'other vegetables', 'root vegetables', 'whole milk')",57,0.005795627859684799
"('root vegetables', 'tropical fruit', 'whole milk', 'yogurt')",56,0.0056939501779359435
"('other vegetables', 'whipped/sour cream', 'whole milk', 'yogurt')",55,0.005592272496187087
"('other vegetables', 'pip fruit', 'root vegetables', 'whole milk')",54,0.005490594814438231
"('other vegetables', 'root vegetables', 'whipped/sour cream', 'whole milk')",51,0.005185561769191663
"('other vegetables', 'pip fruit', 'whole milk', 'yogurt')",50,0.005083884087442806
"('fruit/vegetable juice', 'other vegetables', 'whole milk', 'yogurt')",50,0.005083884087442806
"('other vegetables', 'root vegetables', 'tropical fruit', 'yogurt')",49,0.00498220640569395
"('citrus fruit', 'other vegetables', 'tropical fruit', 'whole milk')",49,0.00498220640569395
